"x","y","z","ROI","SystemLabel","SystemName","Color","r","g","b","Anatomy","Lobe"
25.3202514648438,55.5034484863281,-36.8163909912109,1,14,"Uncertain","Peach",238,203,173,"Inferior Occipital Gyrus","Occipital"
-22.8529529571533,54.4135131835938,-35.7164306640625,2,14,"Uncertain","Peach",238,203,173,"Occipital Pole","Occipital"
-20.2271938323975,-62.142520904541,-3.4291877746582,3,14,"Uncertain","Peach",238,203,173,"Medial Orbital Gyrus","Frontal"
53.7571411132812,5.77006149291992,-33.2192611694336,4,14,"Uncertain","Peach",238,203,173,"Inferior Temporal Gyrus","Temporal"
-5.82395172119141,-72.7073974609375,-9.40568161010742,5,14,"Uncertain","Peach",238,203,173,"Gyrus Rectus","Frontal"
21.7105903625488,-13.5535449981689,-22.8442401885986,6,14,"Uncertain","Peach",238,203,173,"Cerebral White Matter",NA
-14.229398727417,-6.13919067382812,-21.2775802612305,7,14,"Uncertain","Peach",238,203,173,NA,NA
38.4368286132812,-9.84568405151367,-29.7648181915283,8,14,"Uncertain","Peach",238,203,173,"Fusiform Gyrus","Temporal"
-57.2805519104004,-11.4170761108398,-21.7859153747559,9,14,"Uncertain","Peach",238,203,173,"Middle Temporal Gyrus","Temporal"
-46.880786895752,-4.02151489257812,-31.0651893615723,10,14,"Uncertain","Peach",238,203,173,"Inferior Temporal Gyrus","Temporal"
-50.3802452087402,-5.3556957244873,-21.4414978027344,11,14,"Uncertain","Peach",238,203,173,"Inferior Temporal Gyrus","Temporal"
-30.6284103393555,-68.5691833496094,5.49275207519531,12,14,"Uncertain","Peach",238,203,173,"Anterior Orbital Gyrus","Frontal"
7.23848056793213,33.165885925293,34.0236587524414,13,1,"Sensory/Somatomotor Hand","Cyan",0,205,205,"Cerebral White Matter",NA
13.6621475219727,-4.0721492767334,27.2032737731934,14,1,"Sensory/Somatomotor Hand","Cyan",0,205,205,"Supplementary Motor Cortex","Frontal"
0.932869732379913,-5.71295928955078,34.5478286743164,15,1,"Sensory/Somatomotor Hand","Cyan",0,205,205,NA,NA
-9.74084281921387,-18.2401924133301,38.407844543457,16,1,"Sensory/Somatomotor Hand","Cyan",0,205,205,"Supplementary Motor Cortex","Frontal"
6.66302394866943,4.0771484375,47.3216552734375,17,1,"Sensory/Somatomotor Hand","Cyan",0,205,205,"Precentral Gyrus Medial Segment","Frontal"
4.93530988693237,17.8949356079102,49.0032653808594,18,1,"Sensory/Somatomotor Hand","Cyan",0,205,205,"Precentral Gyrus","Frontal"
-11.7190408706665,17.9574165344238,50.5571212768555,19,1,"Sensory/Somatomotor Hand","Cyan",0,205,205,"Postcentral Gyrus","Parietal"
53.4694290161133,4.49307250976562,25.3411121368408,20,1,"Sensory/Somatomotor Hand","Cyan",0,205,205,"Postcentral Gyrus","Parietal"
-23.5162887573242,0.46971321105957,53.0347518920898,21,1,"Sensory/Somatomotor Hand","Cyan",0,205,205,"Precentral Gyrus","Frontal"
-8.76912403106689,28.6842384338379,44.3630142211914,22,1,"Sensory/Somatomotor Hand","Cyan",0,205,205,"Precuneus","Parietal"
21.5260715484619,14.4239044189453,49.0952453613281,23,1,"Sensory/Somatomotor Hand","Cyan",0,205,205,"Postcentral Gyrus","Parietal"
35.1514625549316,-0.128799438476562,38.3148574829102,24,1,"Sensory/Somatomotor Hand","Cyan",0,205,205,"Precentral Gyrus","Frontal"
-24.2750339508057,15.6345024108887,37.20556640625,25,1,"Sensory/Somatomotor Hand","Cyan",0,205,205,"Superior Parietal Lobule","Parietal"
-43.8234405517578,-3.53316879272461,29.3957004547119,26,1,"Sensory/Somatomotor Hand","Cyan",0,205,205,"Postcentral Gyrus","Parietal"
35.6358222961426,7.98496246337891,49.7861328125,27,1,"Sensory/Somatomotor Hand","Cyan",0,205,205,"Postcentral Gyrus","Parietal"
-16.3875026702881,8.62242889404297,38.7924957275391,28,1,"Sensory/Somatomotor Hand","Cyan",0,205,205,"Postcentral Gyrus","Parietal"
-38.0882301330566,-12.6801128387451,45.3465423583984,29,1,"Sensory/Somatomotor Hand","Cyan",0,205,205,"Precentral Gyrus","Frontal"
27.8481388092041,21.7461433410645,38.7935638427734,30,1,"Sensory/Somatomotor Hand","Cyan",0,205,205,"Superior Parietal Lobule","Parietal"
-6.6118860244751,-0.655096054077148,53.4110565185547,31,1,"Sensory/Somatomotor Hand","Cyan",0,205,205,"Precentral Gyrus","Frontal"
-19.6401786804199,21.30859375,44.6630783081055,32,1,"Sensory/Somatomotor Hand","Cyan",0,205,205,"Postcentral Gyrus","Parietal"
42.8527069091797,10.0226364135742,27.8431186676025,33,1,"Sensory/Somatomotor Hand","Cyan",0,205,205,NA,NA
20.5393886566162,12.8336868286133,40.1666870117188,34,1,"Sensory/Somatomotor Hand","Cyan",0,205,205,"Postcentral Gyrus","Parietal"
13.4853382110596,4.34896087646484,55.7688522338867,35,1,"Sensory/Somatomotor Hand","Cyan",0,205,205,"Precentral Gyrus","Frontal"
-35.6142234802246,-1.23494529724121,39.0575485229492,36,1,"Sensory/Somatomotor Hand","Cyan",0,205,205,"Precentral Gyrus","Frontal"
35.9784965515137,-1.60337829589844,55.7651443481445,37,1,"Sensory/Somatomotor Hand","Cyan",0,205,205,"Precentral Gyrus","Frontal"
18.0022792816162,30.9961891174316,45.1045761108398,38,1,"Sensory/Somatomotor Hand","Cyan",0,205,205,"Postcentral Gyrus","Parietal"
-0.981269001960754,8.87569808959961,39.6912994384766,39,1,"Sensory/Somatomotor Hand","Cyan",0,205,205,NA,NA
-2.05286741256714,-2.6578254699707,41.860969543457,40,1,"Sensory/Somatomotor Hand","Cyan",0,205,205,"Precentral Gyrus Medial Segment","Frontal"
-32.836483001709,-5.95291519165039,32.2148361206055,41,1,"Sensory/Somatomotor Hand","Cyan",0,205,205,"Postcentral Gyrus","Parietal"
47.3009567260742,-9.85031890869141,23.7677688598633,42,2,"Sensory/Somatomotor Mouth","Orange",255,165,0,"Precentral Gyrus","Frontal"
-32.1940994262695,-16.8172378540039,9.77599048614502,43,2,"Sensory/Somatomotor Mouth","Orange",255,165,0,"Posterior Insula","Limbic"
-47.210578918457,-14.75465965271,23.7238636016846,44,2,"Sensory/Somatomotor Mouth","Orange",255,165,0,"Precentral Gyrus","Frontal"
50.1449279785156,-15.8912134170532,16.6634521484375,45,2,"Sensory/Somatomotor Mouth","Orange",255,165,0,"Postcentral Gyrus","Parietal"
-60.8638687133789,-15.6116771697998,18.6956157684326,46,2,"Sensory/Somatomotor Mouth","Orange",255,165,0,"Postcentral Gyrus","Parietal"
4.41814279556274,-19.0783309936523,43.4228134155273,47,3,"Cingulo-opercular Task Control","Purple",160,32,240,"Supplementary Motor Cortex","Frontal"
-49.3749885559082,2.06105804443359,21.5147514343262,48,3,"Cingulo-opercular Task Control","Purple",160,32,240,"Parietal Operculum","Parietal"
-15.7923183441162,-9.26917266845703,49.1387710571289,49,3,"Cingulo-opercular Task Control","Purple",160,32,240,"Superior Frontal Gyrus","Frontal"
14.4207639694214,-7.46511077880859,55.8584899902344,50,3,"Cingulo-opercular Task Control","Purple",160,32,240,"Superior Frontal Gyrus","Frontal"
10.3582019805908,-17.8662605285645,34.1981658935547,51,3,"Cingulo-opercular Task Control","Purple",160,32,240,"Middle Cingulate Gyrus","Limbic"
-32.3694190979004,-31.2886600494385,-3.04582548141479,52,3,"Cingulo-opercular Task Control","Purple",160,32,240,"Posterior Insula","Limbic"
-9.7205057144165,-13.0479412078857,54.6105117797852,53,3,"Cingulo-opercular Task Control","Purple",160,32,240,"Superior Frontal Gyrus","Frontal"
-6.88994884490967,-25.5691184997559,44.860107421875,54,3,"Cingulo-opercular Task Control","Purple",160,32,240,"Supplementary Motor Cortex","Frontal"
42.2107009887695,-27.6519184112549,8.8058500289917,55,3,"Cingulo-opercular Task Control","Purple",160,32,240,"Central Operculum","Frontal"
-41.7056732177734,-37.0529479980469,1.37035691738129,56,3,"Cingulo-opercular Task Control","Purple",160,32,240,"Central Operculum","Frontal"
32.5409622192383,-31.169412612915,4.39798974990845,57,3,"Cingulo-opercular Task Control","Purple",160,32,240,"Cerebral White Matter",NA
48.9191780090332,-38.4485778808594,-0.123428583145142,58,3,"Cingulo-opercular Task Control","Purple",160,32,240,"Central Operculum","Frontal"
6.01705694198608,-39.0584335327148,35.6368103027344,59,3,"Cingulo-opercular Task Control","Purple",160,32,240,"Middle Cingulate Gyrus","Limbic"
-31.6749057769775,-38.1920166015625,4.06500339508057,60,3,"Cingulo-opercular Task Control","Purple",160,32,240,"Anterior Insula","Insular"
-29.8109493255615,-2.19790267944336,3.59420108795166,61,4,"Auditory","Pink",238,169,184,"Transverse Temporal Gyrus","Temporal"
-58.3594703674316,3.87472915649414,9.79781436920166,62,4,"Auditory","Pink",238,169,184,"Supramarginal Gyrus","Parietal"
-52.1838874816895,-11.9501438140869,1.34727048873901,63,4,"Auditory","Pink",238,169,184,"Planum Temporale","Temporal"
37.2990837097168,5.99221038818359,5.68458080291748,64,4,"Auditory","Pink",238,169,184,"Parietal Operculum","Parietal"
56.7872924804688,-2.38530158996582,4.98855972290039,65,4,"Auditory","Pink",238,169,184,"Parietal Operculum","Parietal"
47.1737365722656,-3.42617988586426,-4.18955326080322,66,4,"Auditory","Pink",238,169,184,"Planum Temporale","Temporal"
-39.3796043395996,-3.11776924133301,12.1627597808838,67,4,"Auditory","Pink",238,169,184,"Parietal Operculum","Parietal"
48.3686904907227,7.85898208618164,14.0653448104858,68,4,"Auditory","Pink",238,169,184,"Cerebral White Matter",NA
51.9510803222656,-3.41113662719727,15.1387672424316,69,4,"Auditory","Pink",238,169,184,"Cerebral White Matter",NA
51.5321426391602,-18.332691192627,7.62453937530518,70,4,"Auditory","Pink",238,169,184,"Cerebral White Matter",NA
-49.7669982910156,-21.0431671142578,8.29702186584473,71,4,"Auditory","Pink",238,169,184,"Cerebral White Matter",NA
-52.8014945983887,-7.49646949768066,21.1132011413574,72,4,"Auditory","Pink",238,169,184,"Supramarginal Gyrus","Parietal"
28.9976425170898,-1.87040901184082,2.32874536514282,73,4,"Auditory","Pink",238,169,184,"Posterior Insula","Limbic"
41.2916145324707,44.0068206787109,-0.723361968994141,74,5,"Default Mode","Red",255,0,0,"Middle Occipital Gyrus","Occipital"
-4.76499032974243,-92.1027069091797,15.9868259429932,75,5,"Default Mode","Red",255,0,0,"Frontal Pole","Frontal"
-5.54553508758545,-76.9351654052734,0.408456802368164,76,5,"Default Mode","Red",255,0,0,"Cerebral White Matter",NA
12.1448831558228,7.30952453613281,-11.7665243148804,77,5,"Default Mode","Red",255,0,0,"Posterior Cingulate Gyrus","Limbic"
17.9068279266357,-88.6605758666992,10.8630256652832,78,5,"Default Mode","Red",255,0,0,"Anterior Orbital Gyrus","Frontal"
42.8610191345215,30.1267585754395,-0.666252136230469,79,5,"Default Mode","Red",255,0,0,"Cerebral White Matter",NA
-38.7010498046875,40.5774917602539,4.57078742980957,80,5,"Default Mode","Red",255,0,0,"Cerebral White Matter",NA
43.1678848266602,-47.6946029663086,-27.3824806213379,81,5,"Default Mode","Red",255,0,0,"Temporal Pole","Temporal"
-41.7948341369629,-49.6326789855957,-21.6376190185547,82,5,"Default Mode","Red",255,0,0,"Temporal Pole","Temporal"
65.5348587036133,-11.5510311126709,-20.6184730529785,83,5,"Default Mode","Red",255,0,0,"Middle Temporal Gyrus","Temporal"
56.7198066711426,-7.89700508117676,-20.6116352081299,84,14,"Uncertain","Peach",238,203,173,"Middle Temporal Gyrus","Temporal"
-23.4527282714844,-46.9401550292969,-9.56327724456787,85,14,"Uncertain","Peach",238,203,173,"Anterior Insula","Insular"
41.526050567627,37.0864944458008,10.0627899169922,86,5,"Default Mode","Red",255,0,0,"Angular Gyrus","Parietal"
38.877986907959,50.0179901123047,15.2832107543945,87,5,"Default Mode","Red",255,0,0,"Angular Gyrus","Parietal"
7.64568996429443,27.6032867431641,4.19799613952637,88,5,"Default Mode","Red",255,0,0,"Precuneus","Parietal"
-3.03100776672363,31.129524230957,12.6988315582275,89,5,"Default Mode","Red",255,0,0,"Cerebral White Matter",NA
10.771279335022,25.6129341125488,-5.10176563262939,90,5,"Default Mode","Red",255,0,0,"Precuneus","Parietal"
3.46624422073364,18.0781936645508,-6.86718940734863,91,5,"Default Mode","Red",255,0,0,"Posterior Cingulate Gyrus","Limbic"
-5.76937675476074,21.0586547851562,10.942024230957,92,5,"Default Mode","Red",255,0,0,"Posterior Cingulate Gyrus","Limbic"
-12.1253318786621,31.9436340332031,4.88621139526367,93,5,"Default Mode","Red",255,0,0,"Precuneus","Parietal"
2.8416485786438,15.2108154296875,24.7383613586426,94,5,"Default Mode","Red",255,0,0,"Posterior Cingulate Gyrus","Limbic"
-8.19817733764648,23.7107162475586,-4.04625701904297,95,5,"Default Mode","Red",255,0,0,"Precuneus","Parietal"
-46.8126678466797,33.2038154602051,12.6932621002197,96,5,"Default Mode","Red",255,0,0,"Angular Gyrus","Parietal"
-21.3779392242432,-47.7729301452637,49.7867813110352,97,5,"Default Mode","Red",255,0,0,"Superior Frontal Gyrus","Frontal"
10.4712162017822,-52.2014961242676,52.6675415039062,98,5,"Default Mode","Red",255,0,0,"Superior Frontal Gyrus","Frontal"
17.4597053527832,-42.3160705566406,49.6418533325195,99,5,"Default Mode","Red",255,0,0,"Superior Frontal Gyrus","Frontal"
33.6095008850098,-33.5312957763672,45.3372955322266,100,5,"Default Mode","Red",255,0,0,"Middle Frontal Gyrus","Frontal"
-20.5937061309814,-54.9157791137695,42.035774230957,101,5,"Default Mode","Red",255,0,0,"Superior Frontal Gyrus","Frontal"
-11.4412002563477,-69.6603012084961,45.8417663574219,102,5,"Default Mode","Red",255,0,0,"Superior Frontal Gyrus","Frontal"
11.8749742507935,-69.2665710449219,46.4038009643555,103,5,"Default Mode","Red",255,0,0,"Superior Frontal Gyrus","Frontal"
18.9923400878906,-60.3903579711914,42.9406204223633,104,5,"Default Mode","Red",255,0,0,"Superior Frontal Gyrus","Frontal"
-5.39780759811401,-75.5011749267578,29.4851455688477,105,5,"Default Mode","Red",255,0,0,"Superior Frontal Gyrus Medial Segment","Frontal"
-5.92057466506958,-82.7297821044922,37.0949401855469,106,5,"Default Mode","Red",255,0,0,"Superior Frontal Gyrus Medial Segment","Frontal"
7.25796747207642,-76.3078918457031,13.3823318481445,107,5,"Default Mode","Red",255,0,0,"Superior Frontal Gyrus Medial Segment","Frontal"
-6.978928565979,-78.2472229003906,18.6825313568115,108,5,"Default Mode","Red",255,0,0,"Cerebral White Matter",NA
3.46667289733887,-72.0128479003906,5.51448249816895,109,5,"Default Mode","Red",255,0,0,"Anterior Cingulate Gyrus","Limbic"
-5.69567394256592,-68.713134765625,9.18050861358643,110,5,"Default Mode","Red",255,0,0,"Anterior Cingulate Gyrus","Limbic"
12.5081968307495,-67.5331497192383,19.0756855010986,111,5,"Default Mode","Red",255,0,0,"Superior Frontal Gyrus Medial Segment","Frontal"
4.64406871795654,-55.6817665100098,41.0916061401367,112,5,"Default Mode","Red",255,0,0,"Superior Frontal Gyrus Medial Segment","Frontal"
4.84511184692383,-64.5741424560547,26.2385120391846,113,5,"Default Mode","Red",255,0,0,"Anterior Cingulate Gyrus","Limbic"
19.0656566619873,-82.4047012329102,32.6917953491211,114,5,"Default Mode","Red",255,0,0,"Superior Frontal Gyrus","Frontal"
10.786075592041,-67.7783355712891,33.1444396972656,115,5,"Default Mode","Red",255,0,0,"Superior Frontal Gyrus Medial Segment","Frontal"
-58.5244445800781,-22.131965637207,-17.8858509063721,116,5,"Default Mode","Red",255,0,0,"Middle Temporal Gyrus","Temporal"
53.8851051330566,-18.9694232940674,-13.4760818481445,117,5,"Default Mode","Red",255,0,0,"Middle Temporal Gyrus","Temporal"
54.9352035522461,-1.89093971252441,-13.843111038208,118,5,"Default Mode","Red",255,0,0,"Middle Temporal Gyrus","Temporal"
-58.2691383361816,-2.93213272094727,-13.8732690811157,119,5,"Default Mode","Red",255,0,0,"Cerebral White Matter",NA
62.7574119567871,5.82582855224609,-16.0309886932373,120,5,"Default Mode","Red",255,0,0,"Middle Temporal Gyrus","Temporal"
-11.5868043899536,-42.8133773803711,56.1772842407227,121,5,"Default Mode","Red",255,0,0,"Superior Frontal Gyrus","Frontal"
-11.0517988204956,-58.7342720031738,28.9774761199951,122,5,"Default Mode","Red",255,0,0,"Anterior Cingulate Gyrus","Limbic"
-48.1298370361328,-30.2056560516357,-14.2395620346069,123,5,"Default Mode","Red",255,0,0,"Superior Temporal Gyrus","Temporal"
25.9868469238281,5.20006561279297,-19.3218097686768,124,5,"Default Mode","Red",255,0,0,"Cerebral White Matter",NA
-24.6373348236084,1.84718132019043,-21.6438045501709,125,5,"Default Mode","Red",255,0,0," Lingual Gyrus","Occipital"
35.5935897827148,1.71008491516113,-24.8638782501221,126,5,"Default Mode","Red",255,0,0,"Fusiform Gyrus","Temporal"
-24.3168830871582,32.4519577026367,-45.3163452148438,127,5,"Default Mode","Red",255,0,0,"Cerebellum Exterior","Cerebellum"
-47.474365234375,-40.646068572998,-25.2773838043213,128,5,"Default Mode","Red",255,0,0,"Cerebral White Matter",NA
51.514045715332,-37.9505386352539,-21.031982421875,129,5,"Default Mode","Red",255,0,0,"Cerebral White Matter",NA
-41.4387702941895,24.6081085205078,8.06112861633301,130,5,"Default Mode","Red",255,0,0,"Cerebral White Matter",NA
48.3171501159668,9.77988433837891,-12.3677015304565,131,5,"Default Mode","Red",255,0,0,"Middle Temporal Gyrus","Temporal"
30.8279724121094,-50.9681396484375,-9.94813632965088,132,14,"Uncertain","Peach",238,203,173,"Posterior Orbital Gyrus","Frontal"
2.59535527229309,10.515796661377,13.6412048339844,133,6,"Memory Retrieval","Gray",127,127,127,"Posterior Cingulate Gyrus","Limbic"
7.92884111404419,44.4505004882812,14.9571380615234,134,6,"Memory Retrieval","Gray",127,127,127,"Precuneus","Parietal"
-6.99376392364502,38.4289474487305,16.46950340271,135,6,"Memory Retrieval","Gray",127,127,127,"Cerebral White Matter",NA
-3.04684352874756,25.7344284057617,27.7849521636963,136,6,"Memory Retrieval","Gray",127,127,127,"Precuneus","Parietal"
43.2039222717285,-62.5587959289551,-0.56185245513916,137,5,"Default Mode","Red",255,0,0,"Cerebral White Matter",NA
10.6913633346558,-23.6158046722412,57.0219039916992,138,11,"Ventral Attention","Teal",69,139,116,"Superior Frontal Gyrus","Frontal"
-43.6830635070801,-64.0959014892578,2.06729793548584,139,5,"Default Mode","Red",255,0,0,"Orbital Part Of The Inferior Frontal Gyrus","Frontal"
-4.83340835571289,51.9032211303711,-32.3408737182617,140,14,"Uncertain","Peach",238,203,173," Lingual Gyrus","Occipital"
-13.9076986312866,49.0081787109375,-37.3170318603516,141,14,"Uncertain","Peach",238,203,173," Lingual Gyrus","Occipital"
13.9571113586426,52.0579986572266,-36.8424911499023,142,14,"Uncertain","Peach",238,203,173,"Cerebral White Matter",NA
-14.2510061264038,11.1505279541016,-20.8420162200928,143,7,"Visual","Blue",0,0,255," Lingual Gyrus","Occipital"
-35.1059455871582,38.1197814941406,-7.56411743164062,144,7,"Visual","Blue",0,0,255,"Middle Occipital Gyrus","Occipital"
-5.01877784729004,39.2596664428711,-10.2821598052979,145,7,"Visual","Blue",0,0,255,"Calcarine Cortex","Occipital"
8.98234272003174,44.2511825561523,-18.0252666473389,146,7,"Visual","Blue",0,0,255,"Calcarine Cortex","Occipital"
28.6954746246338,45.2576751708984,-10.1423187255859,147,7,"Visual","Blue",0,0,255,"Middle Occipital Gyrus","Occipital"
-17.4655475616455,31.5868797302246,-17.7863922119141,148,7,"Visual","Blue",0,0,255,"Cerebral White Matter",NA
25.4156398773193,58.73193359375,-10.9470233917236,149,7,"Visual","Blue",0,0,255,"Cerebral White Matter",NA
-24.5720558166504,22.6351661682129,-23.1926898956299,150,7,"Visual","Blue",0,0,255,"Fusiform Gyrus","Temporal"
14.002028465271,32.9925384521484,-27.881555557251,151,7,"Visual","Blue",0,0,255,"Cerebral White Matter",NA
18.0398483276367,33.0188636779785,-16.0259246826172,152,7,"Visual","Blue",0,0,255,"Calcarine Cortex","Occipital"
-37.425895690918,38.9775848388672,-29.9573993682861,153,7,"Visual","Blue",0,0,255," Inferior Occipital Gyrus","Occipital"
45.6046943664551,36.8132095336914,-30.4159412384033,154,7,"Visual","Blue",0,0,255,"Inferior Occipital Gyrus","Occipital"
14.8501100540161,59.0441360473633,0.0167236328125,155,7,"Visual","Blue",0,0,255,"Superior Occipital Gyrus","Occipital"
-11.2420225143433,57.7113265991211,5.61391067504883,156,7,"Visual","Blue",0,0,255,"Cerebral White Matter",NA
-26.5560932159424,44.2871551513672,-0.311279296875,157,7,"Visual","Blue",0,0,255," Superior Occipital Gyrus","Occipital"
-17.4591197967529,48.1858444213867,-25.1318340301514,158,7,"Visual","Blue",0,0,255,"Cerebral White Matter",NA
-11.1060991287231,46.826789855957,3.70046424865723,159,7,"Visual","Blue",0,0,255,"Cuneus","Occipital"
14.9760503768921,17.6399078369141,-16.520149230957,160,7,"Visual","Blue",0,0,255,"Lingual Gyrus","Occipital"
-38.262321472168,28.77099609375,-24.1200523376465,161,7,"Visual","Blue",0,0,255,"Cerebral White Matter",NA
-19.6874732971191,52.8665161132812,-3.49517059326172,162,7,"Visual","Blue",0,0,255,"Cerebral White Matter",NA
-2.47715902328491,41.0648040771484,-0.643545150756836,163,7,"Visual","Blue",0,0,255,"Cerebral White Matter",NA
40.6352729797363,36.4549789428711,-21.9052963256836,164,7,"Visual","Blue",0,0,255,"Inferior Occipital Gyrus","Occipital"
-23.2057971954346,39.035758972168,-35.4375839233398,165,7,"Visual","Blue",0,0,255,"Occipital Fusiform Gyrus","Occipital"
16.5206184387207,47.6357803344727,6.25821113586426,166,7,"Visual","Blue",0,0,255,"Cuneus","Occipital"
4.36693143844604,49.349967956543,-5.44580841064453,167,7,"Visual","Blue",0,0,255,"Cuneus","Occipital"
40.322883605957,48.7601470947266,-31.4134960174561,168,7,"Visual","Blue",0,0,255,"Inferior Occipital Gyrus","Occipital"
-31.6487636566162,48.1172256469727,-11.3701515197754,169,7,"Visual","Blue",0,0,255,"Middle Occipital Gyrus","Occipital"
-2.89317178726196,46.467170715332,-18.1437549591064,170,7,"Visual","Blue",0,0,255,"Calcarine Cortex","Occipital"
25.9439888000488,51.8440704345703,-24.2469863891602,171,7,"Visual","Blue",0,0,255,"Middle Occipital Gyrus","Occipital"
34.7936744689941,40.0314483642578,-34.3099899291992,172,7,"Visual","Blue",0,0,255,"Occipital Fusiform Gyrus","Occipital"
-32.7290802001953,44.159294128418,-21.2038288116455,173,7,"Visual","Blue",0,0,255," Inferior Occipital Gyrus","Occipital"
41.9336624145508,-18.3964385986328,35.7138595581055,174,8,"Fronto-parietal Task Control","Yellow",238,238,0,"Cerebral White Matter",NA
-42.596866607666,-45.7989807128906,27.9281330108643,175,8,"Fronto-parietal Task Control","Yellow",238,238,0,"Middle Frontal Gyrus","Frontal"
42.2617454528809,-35.6742172241211,20.0716457366943,176,8,"Fronto-parietal Task Control","Yellow",238,238,0,"Opercular Part Of The Inferior Frontal Gyrus","Frontal"
52.1705741882324,25.2218055725098,19.6310882568359,177,8,"Fronto-parietal Task Control","Yellow",238,238,0,"Supramarginal Gyrus","Parietal"
23.4435977935791,-23.3396911621094,56.2520904541016,178,8,"Fronto-parietal Task Control","Yellow",238,238,0,"Superior Frontal Gyrus","Frontal"
-54.1279525756836,15.2726783752441,-24.558931350708,179,8,"Fronto-parietal Task Control","Yellow",238,238,0,"Cerebral White Matter",NA
-21.1594352722168,-73.9881744384766,3.22907733917236,180,8,"Fronto-parietal Task Control","Yellow",238,238,0,"Medial Orbital Gyrus","Frontal"
-30.7556438446045,-81.5837097167969,7.32415676116943,181,8,"Fronto-parietal Task Control","Yellow",238,238,0,"Cerebral White Matter",NA
19.3276081085205,-70.9327850341797,-4.43436145782471,182,14,"Uncertain","Peach",238,203,173,"Medial Orbital Gyrus","Frontal"
18.696834564209,34.098560333252,-40.6903686523438,183,14,"Uncertain","Peach",238,203,173,"Cerebellum Exterior","Cerebellum"
-14.9446601867676,34.9830780029297,-48.0827102661133,184,14,"Uncertain","Peach",238,203,173,"Cerebellum Exterior","Cerebellum"
-30.2049388885498,23.419361114502,-44.6555633544922,185,14,"Uncertain","Peach",238,203,173,"Cerebellum White Matter","Cerebellum"
-42.3306922912598,-32.2474098205566,27.6314220428467,186,8,"Fronto-parietal Task Control","Yellow",238,238,0,"Precentral Gyrus","Frontal"
39.0821418762207,-25.1293716430664,26.9370613098145,187,8,"Fronto-parietal Task Control","Yellow",238,238,0,"Middle Frontal Gyrus","Frontal"
37.1427917480469,-58.9248847961426,27.418794631958,188,8,"Fronto-parietal Task Control","Yellow",238,238,0,"Middle Frontal Gyrus","Frontal"
-32.3123893737793,-64.501220703125,25.4356327056885,189,8,"Fronto-parietal Task Control","Yellow",238,238,0,"Cerebral White Matter",NA
-44.5813446044922,17.4146614074707,24.4272480010986,190,8,"Fronto-parietal Task Control","Yellow",238,238,0,"Supramarginal Gyrus","Parietal"
25.8507595062256,32.9634208679199,23.7104301452637,191,8,"Fronto-parietal Task Control","Yellow",238,238,0,"Cerebral White Matter",NA
-39.4000778198242,27.5295104980469,22.855993270874,192,8,"Fronto-parietal Task Control","Yellow",238,238,0,"Angular Gyrus","Parietal"
-27.8178215026855,-28.5785598754883,50.1100692749023,193,8,"Fronto-parietal Task Control","Yellow",238,238,0,"Middle Frontal Gyrus","Frontal"
-30.8307857513428,38.0485458374023,12.672327041626,194,8,"Fronto-parietal Task Control","Yellow",238,238,0,"Cerebral White Matter",NA
40.8614654541016,31.4850120544434,19.5146884918213,195,8,"Fronto-parietal Task Control","Yellow",238,238,0,"Cerebral White Matter",NA
-36.9743385314941,-36.4194183349609,35.6303482055664,196,8,"Fronto-parietal Task Control","Yellow",238,238,0,"Cerebral White Matter",NA
31.3088760375977,-79.9341278076172,19.1605014801025,197,8,"Fronto-parietal Task Control","Yellow",238,238,0,"Cerebral White Matter",NA
37.2490997314453,-71.8097915649414,11.5585832595825,198,8,"Fronto-parietal Task Control","Yellow",238,238,0,"Triangular Part Of The Inferior Frontal Gyrus","Frontal"
-28.135721206665,26.3794021606445,20.5999336242676,199,8,"Fronto-parietal Task Control","Yellow",238,238,0,"Superior Parietal Lobule","Parietal"
-39.4802398681641,-73.8197631835938,15.8073720932007,200,8,"Fronto-parietal Task Control","Yellow",238,238,0,"Middle Frontal Gyrus","Frontal"
37.8578796386719,-45.2813491821289,29.560962677002,201,8,"Fronto-parietal Task Control","Yellow",238,238,0,"Cerebral White Matter",NA
5.39088106155396,-43.3139381408691,44.5097961425781,202,8,"Fronto-parietal Task Control","Yellow",238,238,0,"Supplementary Motor Cortex","Frontal"
-10.6218004226685,17.1017761230469,29.2351779937744,203,9,"Salience","Black",0,0,0,"Precuneus","Parietal"
-50.1171493530273,18.9869384765625,17.5316600799561,204,9,"Salience","Black",0,0,0,"Supramarginal Gyrus","Parietal"
-36.495662689209,-22.2221336364746,37.9556884765625,205,9,"Salience","Black",0,0,0,"Middle Frontal Gyrus","Frontal"
-30.5059394836426,-51.7293853759766,30.3074436187744,206,9,"Salience","Black",0,0,0,"Cerebral White Matter",NA
-41.645206451416,-47.9896697998047,15.5647735595703,207,9,"Salience","Black",0,0,0,"Opercular Part Of The Inferior Frontal Gyrus","Frontal"
33.6072463989258,-48.5648880004883,6.85760927200317,208,9,"Salience","Black",0,0,0,"Anterior Insula","Insular"
-30.7512760162354,-48.5209655761719,9.49300098419189,209,9,"Salience","Black",0,0,0,"Anterior Insula","Insular"
-32.096851348877,-60.5661544799805,9.67269134521484,210,9,"Salience","Black",0,0,0,"Orbital Part Of The Inferior Frontal Gyrus","Frontal"
-29.4802379608154,-45.6218948364258,-1.66336011886597,211,9,"Salience","Black",0,0,0,"Anterior Insula","Insular"
12.0805339813232,-48.1173706054688,29.2892608642578,212,9,"Salience","Black",0,0,0,"Anterior Cingulate Gyrus","Limbic"
2.45456337928772,-33.8721809387207,41.7997970581055,213,9,"Salience","Black",0,0,0,"Supplementary Motor Cortex","Frontal"
25.3700275421143,-70.7822189331055,30.9888820648193,214,9,"Salience","Black",0,0,0,"Middle Frontal Gyrus","Frontal"
1.01823723316193,-51.489616394043,32.8403701782227,215,9,"Salience","Black",0,0,0,NA,NA
-4.20246505737305,-42.804328918457,39.9374465942383,216,9,"Salience","Black",0,0,0,"Supplementary Motor Cortex","Frontal"
-9.11731815338135,-44.3536529541016,31.5404682159424,217,9,"Salience","Black",0,0,0,"Cerebral White Matter",NA
-26.8887577056885,-76.1857147216797,27.7057094573975,218,9,"Salience","Black",0,0,0,"Middle Frontal Gyrus","Frontal"
-26.0772380828857,-67.1155700683594,34.576789855957,219,9,"Salience","Black",0,0,0,"Superior Frontal Gyrus","Frontal"
34.9735527038574,-71.3502426147461,26.7123355865479,220,9,"Salience","Black",0,0,0,"Middle Frontal Gyrus","Frontal"
-0.63628351688385,-0.0255928039550781,16.864221572876,221,6,"Memory Retrieval","Gray",127,127,127,"Middle Cingulate Gyrus","Limbic"
-5.34529685974121,-6.04086685180664,-5.23288536071777,222,10,"Subcortical","Brown",139,69,19,"Ventral DC","Subcortical"
2.55820035934448,-14.1301412582397,5.97652816772461,223,10,"Subcortical","Brown",139,69,19,"Thalamus Proper","Subcortical"
10.3276968002319,-10.6424007415771,0.606939792633057,224,10,"Subcortical","Brown",139,69,19,"Thalamus Proper","Subcortical"
-10.9231586456299,-12.0072002410889,2.07315111160278,225,10,"Subcortical","Brown",139,69,19,"Thalamus Proper","Subcortical"
5.75805711746216,-2.22963905334473,-9.9451265335083,226,10,"Subcortical","Brown",139,69,19,"Brain Stem","Subcortical"
22.4214859008789,-37.4273223876953,-2.10223984718323,227,10,"Subcortical","Brown",139,69,19,"Putamen","Subcortical"
16.4681968688965,-31.510648727417,8.09459209442139,228,10,"Subcortical","Brown",139,69,19,"Cerebral White Matter",NA
-27.8135986328125,-15.9511213302612,-2.21191453933716,229,10,"Subcortical","Brown",139,69,19,"Putamen","Subcortical"
-21.0824317932129,-38.8666114807129,3.50678539276123,230,10,"Subcortical","Brown",139,69,19,"Putamen","Subcortical"
-26.3553333282471,-29.6748809814453,4.11305570602417,231,10,"Subcortical","Brown",139,69,19,"Putamen","Subcortical"
29.8273296356201,-19.5577430725098,-3.13443565368652,232,10,"Subcortical","Brown",139,69,19,"Putamen","Subcortical"
-14.1716766357422,-32.8550796508789,7.70026969909668,233,10,"Subcortical","Brown",139,69,19,"Cerebral White Matter",NA
-7.18698883056641,-23.9805431365967,4.15373706817627,234,10,"Subcortical","Brown",139,69,19,"Thalamus Proper","Subcortical"
-48.0266456604004,13.1446838378906,7.49258041381836,235,11,"Ventral Attention","Teal",69,139,116,"Angular Gyrus","Parietal"
52.9809913635254,17.5306167602539,-6.20898246765137,236,11,"Ventral Attention","Teal",69,139,116,"Middle Temporal Gyrus","Temporal"
52.9321594238281,10.4990310668945,-1.7243185043335,237,11,"Ventral Attention","Teal",69,139,116,"Cerebral White Matter",NA
-47.1076927185059,2.48297119140625,-2.06855869293213,238,11,"Ventral Attention","Teal",69,139,116,"Superior Temporal Gyrus","Temporal"
-45.6600646972656,-3.66159057617188,-11.2176895141602,239,11,"Ventral Attention","Teal",69,139,116,"Middle Temporal Gyrus","Temporal"
-50.5751800537109,13.1953887939453,-0.942818641662598,240,11,"Ventral Attention","Teal",69,139,116,"Cerebral White Matter",NA
-46.4539375305176,-57.5546493530273,11.9079265594482,241,11,"Ventral Attention","Teal",69,139,116,"Cerebral White Matter",NA
47.0190963745117,-54.7253799438477,8.29830265045166,242,11,"Ventral Attention","Teal",69,139,116,"Cerebral White Matter",NA
15.7070169448853,25.937126159668,-33.6587524414062,243,13,"Cerebellar","Pale blue",152,245,255,"Cerebellum Exterior","Cerebellum"
31.636697769165,15.277587890625,-34.524543762207,244,13,"Cerebellar","Pale blue",152,245,255,"Cerebellum Exterior","Cerebellum"
-18.8541870117188,18.6893844604492,-32.6884689331055,245,13,"Cerebellar","Pale blue",152,245,255,"Cerebellum Exterior","Cerebellum"
0.874469757080078,25.1937866210938,-31.2607040405273,246,13,"Cerebellar","Pale blue",152,245,255,"Cerebellar Vermal Lobules I-V","Cerebellum"
-28.476037979126,-25.5328960418701,-31.5943870544434,247,14,"Uncertain","Peach",238,203,173,"Fusiform Gyrus","Temporal"
32.3048858642578,-29.1155052185059,-33.3875579833984,248,14,"Uncertain","Peach",238,203,173,"Fusiform Gyrus","Temporal"
-44.4553146362305,-34.3697052001953,-33.9813766479492,249,14,"Uncertain","Peach",238,203,173,"Inferior Temporal Gyrus","Temporal"
47.3668899536133,-31.6070404052734,-34.7728729248047,250,14,"Uncertain","Peach",238,203,173,"Inferior Temporal Gyrus","Temporal"
-8.62239456176758,38.8565673828125,30.6210174560547,251,12,"Dorsal Attention","Green",0,255,0,"Cerebral White Matter",NA
51.7243156433105,27.3061294555664,-11.8454093933105,252,12,"Dorsal Attention","Green",0,255,0,"Cerebral White Matter",NA
45.6633567810059,12.0262069702148,-31.1367702484131,253,14,"Uncertain","Peach",238,203,173,"Inferior Temporal Gyrus","Temporal"
-43.8313865661621,9.42620086669922,-24.4087696075439,254,14,"Uncertain","Peach",238,203,173,"Fusiform Gyrus","Temporal"
-41.7819747924805,7.84740447998047,30.3246116638184,255,1,"Sensory/Somatomotor Hand","Cyan",0,205,205,NA,NA
-16.6525096893311,38.1135864257812,19.4294910430908,256,12,"Dorsal Attention","Green",0,255,0,"Superior Parietal Lobule","Parietal"
-39.6184349060059,24.8067893981934,-13.5363636016846,257,12,"Dorsal Attention","Green",0,255,0,"Middle Temporal Gyrus","Temporal"
-22.2263031005859,35.3708038330078,31.3564414978027,258,12,"Dorsal Attention","Green",0,255,0,NA,NA
31.0252437591553,21.145938873291,23.9987335205078,259,12,"Dorsal Attention","Green",0,255,0,"Superior Parietal Lobule","Parietal"
26.2263565063477,42.7889938354492,9.20344161987305,260,12,"Dorsal Attention","Green",0,255,0,"Angular Gyrus","Parietal"
29.9354724884033,-14.351583480835,42.8463897705078,261,12,"Dorsal Attention","Green",0,255,0,"Middle Frontal Gyrus","Frontal"
42.2040824890137,23.6183776855469,-22.5616664886475,262,12,"Dorsal Attention","Green",0,255,0,"Fusiform Gyrus","Temporal"
17.2406063079834,40.8487091064453,34.9751663208008,263,12,"Dorsal Attention","Green",0,255,0,"Superior Parietal Lobule","Parietal"
-23.7973251342773,-12.5093154907227,41.9258346557617,264,12,"Dorsal Attention","Green",0,255,0,"Superior Frontal Gyrus","Frontal"
27.8229503631592,-18.8714637756348,-15.2572536468506,265,5,"Default Mode","Red",255,0,0,"Hippocampus","Temporal"
-23.227502822876,-20.7316303253174,-17.6202564239502,266,5,"Default Mode","Red",255,0,0,"Hippocampus","Temporal"
-14.3816165924072,-43.4815292358398,13.126561164856,267,10,"Subcortical","Brown",139,69,19,"Caudate","Subcortical"
14.6149663925171,-41.8442611694336,10.3116970062256,268,10,"Subcortical","Brown",139,69,19,"Caudate","Subcortical"
-25.8041973114014,-41.2396430969238,-10.079065322876,269,10,"Subcortical","Brown",139,69,19,"Putamen","Subcortical"
27.722354888916,-24.4839305877686,-1.65859353542328,270,10,"Subcortical","Brown",139,69,19,"Putamen","Subcortical"
